{
  "id": "4322271e-4d22-4d2e-8dc9-825b2a11476d",
  "generation": 21,
  "iteration": 943,
  "current_iteration": 1350,
  "metrics": {
    "score": 1.5588235294117647
  },
  "language": "python",
  "timestamp": 1757800308.1176999,
  "saved_at": 1757829494.8461142
}