{
  "id": "ffc2c6f2-ed20-42fd-bb9a-0343d1bcccdb",
  "generation": 22,
  "iteration": 985,
  "current_iteration": 1650,
  "metrics": {
    "1 / riesz_energy_n20_s1": 0.0010245053059113735
  },
  "language": "python",
  "timestamp": 1757801552.8013685,
  "saved_at": 1757831574.6149013
}